,Count
alexvespi,281
wef,125
zerohedge,105
TheEconomist,94
Team4Nature300,88
LaNet_2017,85
DSMeu,84
stevenstrogatz,83
net_science,83
EU_Commission,79
KurtDeketelaere,78
Acclimatise,76
UNFCCC,75
NetZeroEnergy,71
analyticbridge,71
eaepe,70
BlueFrontiers,66
YR_CSS,62
epigmenioibarra,61
PositiveMoneyEU,60
lamadca,58
Moedas,58
realDonaldTrump,54
PeterSchwendner,52
ricard_sole,51
sfiscience,51
barabasi,51
EU_Finance,50
gquaggiotto,49
oppaipaipai_bot,46
Woodsy_Owl,46
NAChristakis,45
ccs17mx,45
SZignago,44
SPRU,44
BrankoMilan,44
JmBuldu,44
a_baronca,43
BIS_org,42
AHealthBlog,42
netsci2018,41
HirokiSayama,41
